biais,weight
8498.688005264856,-0.021440293596128694
