biais,weight
6331.831537271141,-1106.0195672635098
