biais,weight
8408.404769277331,-0.020581674790416563
