biais,weight
8386.136570186798,-0.020374030795643067
